{
  "version": "1.0.0",
  "lastUpdated": "2024-01-01",
  "jokes": [
    {
      "id": "hist_001",
      "text": "Bro really copied 'remind me to...' 8 times and still forgot 💀",
      "tone": "playful",
      "category": "history-roast",
      "length": "short"
    },
    {
      "id": "hist_002",
      "text": "POV: You're searching for that link you copied 5 minutes ago (We got you, king/queen 👑)",
      "tone": "playful",
      "category": "history-roast",
      "length": "short"
    },
    {
      "id": "hist_003",
      "text": "Your brain: 404 error | Your clipboard: Literally everything | We're basically your external hard drive at this point",
      "tone": "playful",
      "category": "history-roast",
      "length": "medium"
    },
    {
      "id": "hist_004",
      "text": "Copied 'I'll do it later' 47 times. Narrator: They did not, in fact, do it later",
      "tone": "playful",
      "category": "history-roast",
      "length": "medium"
    },
    {
      "id": "hist_005",
      "text": "You've copied 'password' more times than you've changed your password. We're concerned but not surprised 😬",
      "tone": "playful",
      "category": "history-roast",
      "length": "medium"
    },
    {
      "id": "empty_001",
      "text": "Your clipboard emptier than my DMs 💀 Copy something and we'll save it forever (Unlike your ex)",
      "tone": "playful",
      "category": "empty-state",
      "length": "medium"
    },
    {
      "id": "empty_002",
      "text": "Nothing here yet. Just like my motivation on Monday mornings ☕",
      "tone": "playful",
      "category": "empty-state",
      "length": "short"
    },
    {
      "id": "empty_003",
      "text": "Your clipboard is so empty, even tumbleweeds are like 'nah' 🌵",
      "tone": "playful",
      "category": "empty-state",
      "length": "short"
    },
    {
      "id": "search_001",
      "text": "Searched everywhere like I search for my life purpose. Found: Nothing. Try again? 🔍",
      "tone": "playful",
      "category": "search-no-results",
      "length": "medium"
    },
    {
      "id": "search_002",
      "text": "We looked harder than I look for my keys every morning. Still nothing 🗝️",
      "tone": "playful",
      "category": "search-no-results",
      "length": "short"
    },
    {
      "id": "upgrade_001",
      "text": "Real talk: I've been eating ramen so long, I'm 30% noodle at this point 🍜 Your $29 = I remember what real food tastes like + You get lifetime AI. Deal?",
      "tone": "playful",
      "category": "upgrade-rockethub",
      "length": "long"
    },
    {
      "id": "upgrade_002",
      "text": "Built this whole extension on a diet of instant noodles and broken dreams 😭 $29 lifetime = I can finally afford eggs for my ramen (fancy, I know)",
      "tone": "playful",
      "category": "upgrade-rockethub",
      "length": "long"
    },

    {
      "id": "token_002",
      "text": "Token setup speedrun: 90 seconds | My coffee brewing time: 4 minutes | You're faster than my caffeine addiction ☕🏃",
      "tone": "playful",
      "category": "token-setup",
      "length": "medium"
    },
    {
      "id": "token_003",
      "text": "API token configured faster than I can say 'authentication' 🔑⚡",
      "tone": "playful",
      "category": "token-setup",
      "length": "short"
    },
    {
      "id": "token_004",
      "text": "Token setup complete! You're officially part of the AI revolution 🤖✨",
      "tone": "playful",
      "category": "token-setup",
      "length": "short"
    },
    {
      "id": "daily_001",
      "text": "Good morning! Your clipboard is ready. Your life? That's on you 😅",
      "tone": "playful",
      "category": "daily-motivational",
      "length": "short"
    },
    {
      "id": "daily_002",
      "text": "New day, same clipboard. At least we're consistent 💪",
      "tone": "playful",
      "category": "daily-motivational",
      "length": "short"
    },
    {
      "id": "ai_success_001",
      "text": "AI generated! It's giving 'I'm smart' energy 🧠✨",
      "tone": "playful",
      "category": "ai-success",
      "length": "short"
    },
    {
      "id": "ai_success_002",
      "text": "Generated successfully! The AI cooked 👨‍🍳🔥",
      "tone": "playful",
      "category": "ai-success",
      "length": "short"
    },
    {
      "id": "ai_limit_001",
      "text": "You've used all 3 free AI generations. Bro's really out here grinding 💪 Want unlimited? Add your token or go Pro 👇",
      "tone": "playful",
      "category": "ai-limit",
      "length": "long"
    },
    {
      "id": "ai_limit_002",
      "text": "AI limit reached! You've been cooking 🔥 Want more? BYOK or upgrade 👇",
      "tone": "playful",
      "category": "ai-limit",
      "length": "short"
    },
    {
      "id": "settings_001",
      "text": "Customizing settings like you're decorating your room 🏠✨",
      "tone": "playful",
      "category": "settings",
      "length": "short"
    },
    {
      "id": "settings_002",
      "text": "Personalizing your experience because generic is so last season 💅",
      "tone": "playful",
      "category": "settings",
      "length": "short"
    },
    {
      "id": "autosave_001",
      "text": "Auto-save enabled: Your clipboard never forgets (unlike you) 🧠",
      "tone": "playful",
      "category": "auto-save",
      "length": "short"
    },
    {
      "id": "hist_006",
      "text": "You copied 'healthy recipes' while ordering pizza. We're not judging... okay we are 🍕",
      "tone": "playful",
      "category": "history-roast",
      "length": "medium"
    },
    {
      "id": "hist_007",
      "text": "Copied 'workout routine' 12 times. Worked out: 0 times. The math ain't mathing 🏋️",
      "tone": "playful",
      "category": "history-roast",
      "length": "medium"
    },
    {
      "id": "hist_008",
      "text": "You've copied 'save money' while browsing Amazon. The irony is chef's kiss 💸",
      "tone": "playful",
      "category": "history-roast",
      "length": "medium"
    },
    {
      "id": "hist_009",
      "text": "Copied 'early bedtime' at 2 AM. Bro, the ship has sailed ⛵",
      "tone": "playful",
      "category": "history-roast",
      "length": "short"
    },
    {
      "id": "hist_010",
      "text": "You copied 'delete social media' on social media. Peak performance right there 📱",
      "tone": "playful",
      "category": "history-roast",
      "length": "medium"
    },
    {
      "id": "empty_004",
      "text": "Emptier than a Netflix queue after watching everything 📺",
      "tone": "playful",
      "category": "empty-state",
      "length": "short"
    },
    {
      "id": "empty_005",
      "text": "More barren than my dating life. Copy something, please 😭",
      "tone": "playful",
      "category": "empty-state",
      "length": "short"
    },
    {
      "id": "search_003",
      "text": "Searched harder than I search for matching socks. Same result 🧦",
      "tone": "playful",
      "category": "search-no-results",
      "length": "short"
    },
    {
      "id": "search_004",
      "text": "Not found. It's giving 'Waldo in witness protection' energy 🕵️",
      "tone": "playful",
      "category": "search-no-results",
      "length": "short"
    }
  ],
  "categories": {
    "history-roast": "Jokes shown in clipboard history",
    "empty-state": "Jokes shown when history is empty",
    "search-no-results": "Jokes shown when search finds nothing",
    "upgrade-rockethub": "RocketHub launch special jokes (2 weeks only)",
    "upgrade-monthly": "Monthly plan jokes (after RocketHub)",
    "token-setup": "Jokes for token configuration",
    "daily-motivational": "Random daily messages",
    "ai-success": "Shown after successful AI generation",
    "ai-limit": "Shown when AI quota is reached",
    "settings": "Jokes shown in settings page",
    "auto-save": "Jokes for auto-save feature"
  },
  "tones": {
    "playful": "Fun, relatable, Gen-Z humor with rizz energy",
    "neutral": "Informative with light humor",
    "off": "No humor, professional only"
  }
}
